timestamp_utc,question,reason
2025-11-26T18:41:34.395254,How you doing?,low_confidence
2025-11-27T17:22:50.979837,what is stock market ?,low_confidence
2025-11-27T18:13:38.803011,How are you,low_confidence
2025-11-27T18:36:29.259463,yes,low_confidence
2025-11-27T18:36:48.799129,A numeric example?,low_confidence
2025-11-27T18:38:30.011340,Explain stock market,low_confidence
2025-11-27T18:38:30.085878,Explain stock market,low_confidence
2025-11-27T18:38:30.155414,Explain stock market,low_confidence
2025-11-27T18:38:30.258599,Explain stock market,low_confidence
2025-11-27T18:38:30.361130,Explain stock market,low_confidence
2025-11-27T18:38:30.465660,Explain stock market,low_confidence
2025-11-27T18:38:30.538685,Explain stock market,low_confidence
2025-11-27T18:38:30.615202,Explain stock market,low_confidence
2025-11-27T18:38:30.697716,Explain stock market,low_confidence
2025-11-27T18:38:30.784246,Explain stock market,low_confidence
2025-11-27T18:58:02.444786,Yes,low_confidence
2025-11-28T04:08:28.017923,Sure,low_confidence
2025-11-28T04:17:37.430108,are you human?,low_confidence
2025-11-28T04:18:00.648227,Are you human?,low_confidence
2025-11-28T04:18:35.310146,tell me something random...,low_confidence
