question,answer,intent
"What is financial literacy?","Financial literacy means understanding how money works, including budgeting, saving, investing, credit handling, and making informed financial decisions. It helps individuals avoid debt, manage expenses, and build long-term financial stability.","definition"
"What are fixed expenses?","Fixed expenses are costs that remain the same every month, such as rent, utilities, loan payments, school fees, and insurance premiums. They form the 'needs' portion of your budget.","budgeting"
"What are variable expenses?","Variable expenses change each month based on usage or lifestyle habits. Examples include groceries, fuel, entertainment, shopping, and dining out. These expenses offer opportunities to save.","budgeting"
"What is an emergency fund?","An emergency fund is a reserved amount of money kept aside for unexpected situations like medical bills, job loss, or urgent repairs. It prevents borrowing or falling into debt during emergencies.","saving"
"How much emergency fund should I have?","A healthy emergency fund should cover 3 to 6 months of essential expenses. Start with one month and gradually build it up to reduce financial stress during unexpected events.","saving"
"What is overspending?","Overspending means spending more than your budget or income allows. It usually happens due to impulse buying, lifestyle inflation, or lack of expense tracking.","saving"
"What is lifestyle inflation?","Lifestyle inflation occurs when your expenses increase as your income increases. While it is natural to upgrade some aspects of life, excessive lifestyle inflation reduces your ability to save.","saving"
"How can I control impulse buying?","Delay purchases for 24 hours, remove saved card details, avoid unnecessary browsing, and make a shopping list before buying anything. These habits reduce unnecessary expenses.","saving"
"What is a low-risk investment?","Low-risk investments provide stable and predictable returns with minimal risk of losing money. Examples include fixed deposits, government bonds, treasury bills, and high-yield savings accounts.","investing"
"What is a high-risk investment?","High-risk investments offer the potential for higher returns but come with a greater chance of losing money. Examples include individual stocks, cryptocurrencies, forex trading, and commodities.","investing"
"What is diversification?","Diversification means spreading investments across different assets to reduce risk. If one investment performs poorly, others can balance it out. It is a key strategy for beginners.","investing"
"What is a savings account?","A savings account is a secure place to store money while earning interest. It is ideal for short-term goals or emergency funds due to its easy accessibility and low risk.","saving"
"How can I start investing with low income?","Begin with small monthly amounts, invest consistently, choose low-fee index funds or micro-investing options, and avoid high-risk or complex financial products. Consistency matters more than amount.","investing"
"What is a credit score?","A credit score is a number that shows your creditworthiness. A higher score means you handle loans and payments responsibly, helping you qualify for lower interest rates.","definition"
"How can I improve my credit score?","Pay bills on time, avoid unnecessary loans, keep credit card utilization low, and regularly check your credit report for errors.","advice"
"What is the 50/30/20 rule?","It is a budgeting formula: 50% of income for needs, 30% for wants, and 20% for savings or debt repayment. It helps maintain a balanced financial lifestyle.","budgeting"
"What is income?","Income is money earned from work, business, investments, or other sources. It is the foundation for budgeting, saving, and planning financial goals.","definition"
"What is expense tracking?","Expense tracking means recording daily or monthly spending to identify patterns and control unnecessary costs. It is a key habit for financial discipline.","saving"
"How to break the paycheck-to-paycheck cycle?","Build a small emergency fund, cut unnecessary expenses, automate savings, and try generating side income through part-time work or freelancing.","saving"
"What is a debt?","Debt is money borrowed from a bank, person, or institution that must be repaid, often with interest. Debt can help in emergencies but becomes risky if not managed properly.","definition"
"What is good debt vs bad debt?","Good debt helps build long-term value (education, business, mortgage). Bad debt involves borrowing for non-essential items that decrease in value, such as expensive gadgets or luxury shopping.","advice"
"How to avoid debt traps?","Borrow only what you can repay, avoid high-interest loans, read loan terms carefully, and build emergency savings to reduce dependency on borrowing.","saving"
"What is compound growth?","Compound growth means your money grows exponentially because you earn interest on both the initial amount and previously earned interest. It rewards long-term consistency.","concept"
"How to plan monthly savings?","Start by identifying essential expenses, setting a realistic saving target, and automating the saving transfer at the beginning of each month.","saving"
"What is goal-based saving?","Goal-based saving means setting specific financial targets like buying a laptop, creating an emergency fund, or saving for education, and then planning savings accordingly.","saving"
"What is financial discipline?","Financial discipline is the practice of controlling spending, avoiding unnecessary expenses, and consistently saving money to achieve long-term financial stability.","advice"
"How to save money as a student?","Limit eating out, use public transport, avoid impulse purchases, track daily spending, and allocate a small percentage of pocket money for savings.","saving"
"What is personal finance?","Personal finance refers to managing money through budgeting, saving, investing, and planning for short-term or long-term financial goals.","definition"
"Why should I create a budget?","A budget helps you monitor income, control expenses, avoid debt, and achieve financial goals such as savings, investments, or emergency funds.","budgeting"
"How to manage money with a low income?","Start by covering essentials first, reduce non-essential expenses, use strict budgeting rules like 50/30/20 (modified), and save even small amounts consistently.","saving"
"Why is saving important?","Saving provides financial security, helps in emergencies, enables goal achievement, and reduces stress caused by unexpected expenses.","saving"
"What is a financial goal?","A financial goal is a specific target you want to achieve using money, such as buying a laptop, saving for education, or building an emergency fund.","definition"
"How to grow money safely?","Use low-risk options like fixed deposits, recurring deposits, government bonds, or balanced mutual funds. Avoid high-risk investments unless experienced.","investing"
"Why should I avoid impulsive shopping?","Impulsive shopping leads to overspending and weakens savings. Planning purchases and maintaining a shopping list helps avoid unnecessary expenses.","saving"
"What is a recurring deposit?","A recurring deposit (RD) lets you deposit a fixed amount monthly at a fixed interest rate. It is suitable for disciplined saving and short-term goals.","investing"

